{
    "input_layer": {
        "inputs": 9
    },
    "hidden_layers": [
        {
            "neurons": 16,
            "inputs": 9,
            "biases": [
                -2.472538404111379,
                -1.06601855999017,
                -0.1101139912115155,
                -0.46282556835880834,
                -1.336502027243411,
                -0.06388641932178034,
                -1.4314970593776073,
                -0.47894454474279075,
                -0.7111874200450193,
                -2.018279763671557,
                -2.5291417376908876,
                -1.0881993749720031,
                -3.9394836314729247,
                -0.32505288833923135,
                -1.0027032287215452,
                -1.3250256256133444
            ],
            "activation": "LeakyReLU",
            "weights": [
                [
                    0.975604881838264,
                    0.928237675800743,
                    -0.12252755375073937,
                    0.11731012942217542,
                    4.310057994665239,
                    -0.23146211772078554,
                    -0.07156168439060473,
                    -0.006584047132332134,
                    -0.2359693681045635
                ],
                [
                    0.4749550529968855,
                    0.23161214226562088,
                    0.32012519590366234,
                    0.08745987542045008,
                    -3.3539071139030954,
                    0.16693779222035698,
                    0.17895197542281918,
                    0.5842545959159535,
                    0.4632227488828547
                ],
                [
                    -0.06982082374946799,
                    0.15739755577655606,
                    1.781634922222871,
                    -0.33529803422583254,
                    -0.6153944769791463,
                    -1.081628557494456,
                    0.32104316403136157,
                    0.5800564214886844,
                    1.024026976486506
                ],
                [
                    -0.03876225726883196,
                    0.8704540246231428,
                    -0.7339153473035631,
                    -0.8417750408444951,
                    0.5422616069668995,
                    -0.7669787407239804,
                    1.8259358194192907,
                    0.907318485868237,
                    -1.7403885962789143
                ],
                [
                    0.6441004364702679,
                    -0.1691499276873743,
                    0.5018392304436463,
                    0.10764373532027552,
                    0.5866322601964241,
                    0.08635071558049297,
                    0.2752658706298987,
                    0.15672055792497766,
                    -3.000038817889095
                ],
                [
                    0.23645835337332,
                    0.08191728363299762,
                    -0.07470512137387414,
                    0.2707903781257655,
                    0.9601106347675205,
                    0.5583413250606215,
                    0.35052989938503865,
                    -0.49475038795550125,
                    2.1339782665975613
                ],
                [
                    0.5168443479175228,
                    0.508430763677902,
                    -3.252758816444133,
                    -0.34240509090133947,
                    0.29445274062069204,
                    -0.06044837424221021,
                    0.21525157699742484,
                    0.2595585802757194,
                    0.1443853744145121
                ],
                [
                    -0.8390694161275903,
                    1.606237214056308,
                    -0.3268093238666098,
                    -1.144911762939856,
                    0.969625922465952,
                    -0.4030363867695935,
                    -0.2422873384556551,
                    0.8461366696222491,
                    -0.41477745106923875
                ],
                [
                    -0.6226895498377025,
                    0.44740715369086925,
                    1.847819129475513,
                    -0.014451502576258476,
                    0.9280900787664418,
                    0.5655106612901292,
                    -1.9736008243126193,
                    -0.1310294895728471,
                    -0.4049982631551247
                ],
                [
                    -1.6061725114181238,
                    0.2464260098959058,
                    0.5788596129396326,
                    0.5273849650271067,
                    -2.897226529512231,
                    1.5453003773329212,
                    -1.1218935136334591,
                    0.1792740501203293,
                    -1.2180318239603707
                ],
                [
                    -2.1155232681940315,
                    0.41102692307869104,
                    0.9824661888854576,
                    0.7422149689857922,
                    -1.9072913223378105,
                    0.510206991647742,
                    1.414000211815811,
                    0.8246831881893374,
                    -2.0699367287035133
                ],
                [
                    0.4940482476514963,
                    0.4682817957611172,
                    -0.48871856694231286,
                    1.0807549125849152,
                    -1.2304171477257428,
                    -0.21874518449268313,
                    1.4663830332983039,
                    -1.1319769711349248,
                    -1.5609198954359187
                ],
                [
                    -0.12642415939793014,
                    -0.35480759843864135,
                    -0.3893806389332757,
                    1.534372266153847,
                    3.7910086914607506,
                    1.3688151270396045,
                    -0.23293555367702154,
                    0.13839012328156305,
                    0.0021296334964276548
                ],
                [
                    0.19107620356685956,
                    -0.8614593403383973,
                    0.6540701636277589,
                    1.6736549479093354,
                    -0.6186778153081797,
                    1.3451331064818657,
                    -0.6296000118586682,
                    -1.0124375898613456,
                    -0.15169922897465893
                ],
                [
                    -0.20337232587167067,
                    -0.5655465817399149,
                    1.2018901832993703,
                    -0.736014449773574,
                    -2.490591502681801,
                    -0.00220274826244918,
                    1.4517842056980408,
                    -0.5820451035054126,
                    0.06428393595846588
                ],
                [
                    0.6294893453667835,
                    0.5233662246377102,
                    0.607300666402368,
                    0.34034710549745345,
                    -0.049279474878445056,
                    0.22193553399958021,
                    -2.891283264362603,
                    0.6501177999788837,
                    -0.05506435604291752
                ]
            ],
            "alpha": 1
        },
        {
            "neurons": 8,
            "inputs": 16,
            "biases": [
                0.3036320499009631,
                -1.350956365307253,
                0.3164150217242173,
                -2.7651536953307896,
                -2.312511075114966,
                0.5040734986678277,
                -0.8749275762111929,
                1.5033654769243008
            ],
            "activation": "LeakyReLU",