{
    "input_layer": {
        "inputs": 1
    },
    "hidden_layers": [
        {
            "neurons": 1,
            "inputs": 1,
            "biases": [
                -0.09498779198696793
            ],
            "activation": "ReLU",
            "weights": [
                [
                    0.5100244160260642
                ]
            ],
            "alpha": 1
        }
    ],
    "output_layer": {
        "neurons": 1,
        "inputs": 1,
        "biases": [
            -0.08997558397393585
        ],
        "activation": "Sigmoid",
        "weights": [
            [
                0.5090219744234578
            ]
        ],
        "alpha": 1
    }
}